{"altitude": 883.7158753348369, "speed": 3.3902819203452617, "battery_status": 61.05636439671511, "timestamp": 1744733849.7058263}
{"altitude": 883.7158753348369, "speed": 3.3902819203452617, "battery_status": 61.05636439671511, "timestamp": 1744733877.9491177}
